<?xml version="1.0" encoding="utf-8"?>
<install type="module" version="1.5" method="upgrade">
	<name>WOWSlider Module1</name>
	<author>WOWSlider.com</author>
	<creationDate>February 2011</creationDate>
	<copyright>Copyright (C) 2011 WOWSlider.com. All rights reserved.</copyright>
	<authorEmail>support@wowslider.com</authorEmail>
	<authorUrl>www.wowslider.com</authorUrl>
	<version>1.2.0</version>
	<description>WOWSlider Module 1 - This module will show image slideshow created with WOWSlider</description>
	<files>
		<filename module="mod_wowslider1">mod_wowslider1.php</filename>
		<filename>index.html</filename>
		<folder>tmpl/</folder>
		<folder>engine1/</folder>
		<folder>data1/</folder>
	</files>
	<params>
	</params>
	<params group="advanced">
		<param name="cache" type="list" default="1" label="Caching" description="Select whether to cache the content of this module">
			<option value="1">Use global</option>
			<option value="0">No caching</option>
		</param>
		<param name="cache_time" type="text" default="900" label="Cache Time" description="The time before the module is recached" />
	</params>
</install>
